Borough,Development Name,Consumption (KWH),Borough_avg_KWH_per_capita,Exceeds_Avg
BRONX,ADAMS,6478476.0,153.19339641219187,True
BRONX,ALBANY,122090.0,153.19339641219187,True
BRONX,BARUCH,685600.0,153.19339641219187,True
BRONX,BERRY,2681600.0,153.19339641219187,True
BRONX,BERRY STREET-SOUTH 9TH STREET,97418.0,153.19339641219187,True
BRONX,BETANCES V,432600.0,153.19339641219187,True
BRONX,BETANCES VI,410804.0,153.19339641219187,True
BRONX,BETHUNE GARDENS,777984.0,153.19339641219187,True
BRONX,BLAND,2770349.0,153.19339641219187,True
BRONX,BORINQUEN PLAZA I,6521075.0,153.19339641219187,True
BRONX,BORINQUEN PLAZA II,484218.0,153.19339641219187,True
BRONX,BOULEVARD,2115040.0,153.19339641219187,True
BRONX,BREUKELEN,503400.0,153.19339641219187,True
BRONX,BROWNSVILLE,4064160.0,153.19339641219187,True
BRONX,BUSHWICK II - GROUPS B & D,22301.0,153.19339641219187,True
BRONX,CARVER,1208880.0,153.19339641219187,True
BRONX,CASSIDY-LAFAYETTE,1499252.0,153.19339641219187,True
BRONX,CASTLE HILL,3386957.0,153.19339641219187,True
BRONX,CLAREMONT REHAB (GROUP 5),209389.0,153.19339641219187,True
BRONX,CLASON POINT GARDENS,2282348.0,153.19339641219187,True
BRONX,CLINTON,5685009.0,153.19339641219187,True
BRONX,COLLEGE AVENUE-EAST 165TH STREET,275681.0,153.19339641219187,True
BRONX,CONEY ISLAND,2394944.0,153.19339641219187,True
BRONX,CONEY ISLAND I (SITE 1B),1596924.0,153.19339641219187,True
BRONX,CONEY ISLAND I (SITE 4 & 5),3295492.0,153.19339641219187,True
BRONX,CONEY ISLAND I (SITE 8),1359600.0,153.19339641219187,True
BRONX,CONLON LIHFE TOWER,746566.0,153.19339641219187,True
BRONX,COOPER PARK,4256052.0,153.19339641219187,True
BRONX,CORSI HOUSES,653304.0,153.19339641219187,True
BRONX,CROWN HEIGHTS,282990.0,153.19339641219187,True
BRONX,CYPRESS HILLS,1028627.0,153.19339641219187,True
BRONX,DYCKMAN,632480.0,153.19339641219187,True
BRONX,EASTCHESTER GARDENS,4400809.0,153.19339641219187,True
BRONX,EDENWALD,6822238.0,153.19339641219187,True
BRONX,ELLIOTT,3448553.0,153.19339641219187,True
BRONX,FARRAGUT,8349819.0,153.19339641219187,True
BRONX,FENIMORE-LEFFERTS,45019.0,153.19339641219187,True
BRONX,FHA REPOSSESSED HOUSES (GROUP III),258.0,153.19339641219187,True
BRONX,FHA REPOSSESSED HOUSES (GROUP IX),16177.0,153.19339641219187,True
BRONX,FHA REPOSSESSED HOUSES (GROUP V),8205.0,153.19339641219187,True
BRONX,FHA REPOSSESSED HOUSES (GROUP VI),1477.0,153.19339641219187,True
BRONX,FIORENTINO PLAZA,873814.0,153.19339641219187,True
BRONX,FIRST HOUSES,173160.0,153.19339641219187,True
BRONX,GLENWOOD,4048808.0,153.19339641219187,True
BRONX,GOMPERS,3249938.0,153.19339641219187,True
BRONX,GOWANUS,2244160.0,153.19339641219187,True
BRONX,GRANT,1387400.0,153.19339641219187,True
BRONX,HOWARD,3162942.0,153.19339641219187,True
BRONX,INGERSOLL,6681720.0,153.19339641219187,True
BRONX,JEFFERSON,1540931.0,153.19339641219187,True
BRONX,KINGSBOROUGH,785680.0,153.19339641219187,True
BRONX,MARLBORO,1763851.0,153.19339641219187,True
BRONX,MARSHALL PLAZA,349299.0,153.19339641219187,True
BRONX,MCKINLEY,4592320.0,153.19339641219187,True
BRONX,MELROSE,2859898.0,153.19339641219187,True
BRONX,NOSTRAND,4786642.0,153.19339641219187,True
BRONX,OCEAN BAY APARTMENTS (OCEANSIDE),2618080.0,153.19339641219187,True
BRONX,OCEAN HILL APARTMENTS,1860800.0,153.19339641219187,True
BRONX,OCEAN HILL-BROWNSVILLE,229977.0,153.19339641219187,True
BRONX,ODWYER GARDENS,2820900.0,153.19339641219187,True
BRONX,PALMETTO GARDENS,402563.0,153.19339641219187,True
BRONX,"PARK AVENUE-EAST 122ND, 123RD STREETS",646914.0,153.19339641219187,True
BRONX,PARK ROCK REHAB,237148.0,153.19339641219187,True
BRONX,PARKSIDE,5803804.0,153.19339641219187,True
BRONX,PATTERSON,6492467.0,153.19339641219187,True
BRONX,POMONOK,10681671.0,153.19339641219187,True
BRONX,PUBLIC SCHOOL 139 (CONVERSION),364181.0,153.19339641219187,True
BRONX,QUEENSBRIDGE NORTH,8505522.0,153.19339641219187,True
BRONX,QUEENSBRIDGE SOUTH,3438265.0,153.19339641219187,True
BRONX,RIIS,398480.0,153.19339641219187,True
BRONX,SOTOMAYOR HOUSES,3624800.0,153.19339641219187,True
BRONX,SOUTH JAMAICA II,1652254.0,153.19339641219187,True
BRONX,SUTTER AVENUE-UNION STREET,207724.0,153.19339641219187,True
BRONX,TAFT,10260916.0,153.19339641219187,True
BRONX,TAPSCOTT STREET,219347.0,153.19339641219187,True
BRONX,TAPSCOTT STREET REHAB,240959.0,153.19339641219187,True
BRONX,TAYLOR STREET-WYTHE AVENUE,4260710.0,153.19339641219187,True
BRONX,TELLER AVENUE-EAST 166TH STREET,613889.0,153.19339641219187,True
BRONX,THOMAS APARTMENTS,248396.0,153.19339641219187,True
BRONX,THROGGS NECK,8621411.0,153.19339641219187,True
BRONX,THROGGS NECK ADDITION,915792.0,153.19339641219187,True
BRONX,TILDEN,5234067.0,153.19339641219187,True
BRONX,VAN DYKE I,834465.0,153.19339641219187,True
BRONX,VLADECK,283044.0,153.19339641219187,True
BRONX,VLADECK II,916143.0,153.19339641219187,True
BRONX,WAGNER,14514984.0,153.19339641219187,True
BRONX,WALD,2198960.0,153.19339641219187,True
BRONX,WARREN STREET,1053462.0,153.19339641219187,True
BRONX,WASHINGTON,4644045.0,153.19339641219187,True
BROOKLYN,ALBANY,4715275.0,178.9351063341072,True
BROOKLYN,ALBANY II,795818.0,178.9351063341072,True
BROOKLYN,ALLEN STREET,855860.0,178.9351063341072,True
BROOKLYN,ARMSTRONG I,1924783.0,178.9351063341072,True
BROOKLYN,ARMSTRONG II,2302652.0,178.9351063341072,True
BROOKLYN,ASTORIA,1252666.0,178.9351063341072,True
BROOKLYN,BARUCH,1208280.0,178.9351063341072,True
BROOKLYN,BAY VIEW,2406929.0,178.9351063341072,True
BROOKLYN,BAYCHESTER,3293869.0,178.9351063341072,True
BROOKLYN,BEACH 41ST STREET-BEACH CHANNEL DRIVE,4681280.0,178.9351063341072,True
BROOKLYN,BEDFORD-STUYVESANT REHAB,117094.0,178.9351063341072,True
BROOKLYN,BELMONT-SUTTER AREA,152159.0,178.9351063341072,True
BROOKLYN,BERRY,761708.0,178.9351063341072,True
BROOKLYN,BETANCES I,95236.0,178.9351063341072,True
BROOKLYN,BETANCES II,1545205.0,178.9351063341072,True
BROOKLYN,BETANCES III,543040.0,178.9351063341072,True
BROOKLYN,BETANCES IV,1209797.0,178.9351063341072,True
BROOKLYN,BETANCES V,161510.0,178.9351063341072,True
BROOKLYN,BOULEVARD,4944020.0,178.9351063341072,True
BROOKLYN,BOYNTON AVENUE REHAB,141624.0,178.9351063341072,True
BROOKLYN,BRACETTI PLAZA,942643.0,178.9351063341072,True
BROOKLYN,BREUKELEN,9379299.0,178.9351063341072,True
BROOKLYN,BREVOORT,6170853.0,178.9351063341072,True
BROOKLYN,BRONX RIVER,8528129.0,178.9351063341072,True
BROOKLYN,BRONX RIVER ADDITION,637767.0,178.9351063341072,True
BROOKLYN,BRONXCHESTER,367912.0,178.9351063341072,True
BROOKLYN,BROWN,445017.0,178.9351063341072,True
BROOKLYN,BROWNSVILLE,4185174.0,178.9351063341072,True
BROOKLYN,BRYANT AVENUE-EAST 174TH STREET,513560.0,178.9351063341072,True
BROOKLYN,BUSHWICK,8605472.0,178.9351063341072,True
BROOKLYN,BUSHWICK II (GROUPS A & C),522374.0,178.9351063341072,True
BROOKLYN,BUSHWICK II - GROUPS B & D,638612.0,178.9351063341072,True
BROOKLYN,BUSHWICK II CDA (GROUP E),362981.0,178.9351063341072,True
BROOKLYN,BUTLER,11069618.0,178.9351063341072,True
BROOKLYN,CAMPOS PLAZA I,388313.0,178.9351063341072,True
BROOKLYN,CAMPOS PLAZA II,601634.0,178.9351063341072,True
BROOKLYN,CAREY GARDENS,5178867.0,178.9351063341072,True
BROOKLYN,CARLETON MANOR,993000.0,178.9351063341072,True
BROOKLYN,CARVER,6869683.0,178.9351063341072,True
BROOKLYN,CASTLE HILL,3490313.0,178.9351063341072,True
BROOKLYN,CYPRESS HILLS,5915360.0,178.9351063341072,True
BROOKLYN,DAVIDSON,1429811.0,178.9351063341072,True
BROOKLYN,DE HOSTOS APARTMENTS,1477673.0,178.9351063341072,True
BROOKLYN,DOUGLASS ADDITION,1109767.0,178.9351063341072,True
BROOKLYN,DOUGLASS I,7747440.0,178.9351063341072,True
BROOKLYN,DOUGLASS II,4789401.0,178.9351063341072,True
BROOKLYN,DREW-HAMILTON,7798700.0,178.9351063341072,True
BROOKLYN,DYCKMAN,4508973.0,178.9351063341072,True
BROOKLYN,EDENWALD,997097.0,178.9351063341072,True
BROOKLYN,FOREST,7691932.0,178.9351063341072,True
BROOKLYN,FORT INDEPENDENCE STREET-HEATH AVENUE,2646248.0,178.9351063341072,True
BROOKLYN,FORT WASHINGTON AVENUE REHAB,961437.0,178.9351063341072,True
BROOKLYN,FRANKLIN AVENUE I CONVENTIONAL,55940.0,178.9351063341072,True
BROOKLYN,FRANKLIN AVENUE II CONVENTIONAL,39702.0,178.9351063341072,True
BROOKLYN,FRANKLIN AVENUE III CONVENTIONAL,12406.0,178.9351063341072,True
BROOKLYN,FULTON,2491580.0,178.9351063341072,True
BROOKLYN,GLENMORE PLAZA,1392979.0,178.9351063341072,True
BROOKLYN,GLENWOOD,1116370.0,178.9351063341072,True
BROOKLYN,GRANT,7305708.0,178.9351063341072,True
BROOKLYN,GRAVESEND,3814968.0,178.9351063341072,True
BROOKLYN,GUN HILL,3515712.0,178.9351063341072,True
BROOKLYN,HABER,817675.0,178.9351063341072,True
BROOKLYN,HAMMEL,5831040.0,178.9351063341072,True
BROOKLYN,HARBORVIEW TERRACE,2289813.0,178.9351063341072,True
BROOKLYN,HARLEM RIVER,1179040.0,178.9351063341072,True
BROOKLYN,HARRISON AVENUE REHAB (GROUP B),69100.0,178.9351063341072,True
BROOKLYN,HERNANDEZ,911553.0,178.9351063341072,True
BROOKLYN,HIGHBRIDGE GARDENS,4599755.0,178.9351063341072,True
BROOKLYN,HIGHBRIDGE REHABS (ANDERSON AVENUE),151241.0,178.9351063341072,True
BROOKLYN,HIGHBRIDGE REHABS (NELSON AVENUE),114902.0,178.9351063341072,True
BROOKLYN,HOE AVENUE-EAST 173RD STREET,414566.0,178.9351063341072,True
BROOKLYN,HOLMES TOWERS,2986776.0,178.9351063341072,True
BROOKLYN,HOPE GARDENS,776391.0,178.9351063341072,True
BROOKLYN,HOWARD,1597809.0,178.9351063341072,True
BROOKLYN,INTERNATIONAL TOWER,341978.0,178.9351063341072,True
BROOKLYN,ISAACS,4207089.0,178.9351063341072,True
BROOKLYN,JACKSON,2495142.0,178.9351063341072,True
BROOKLYN,JEFFERSON,8646880.0,178.9351063341072,True
BROOKLYN,JOHNSON,9481651.0,178.9351063341072,True
BROOKLYN,KING TOWERS,8115017.0,178.9351063341072,True
BROOKLYN,KINGSBOROUGH,436542.0,178.9351063341072,True
BROOKLYN,LINDEN,8011552.0,178.9351063341072,True
BROOKLYN,LONG ISLAND BAPTIST HOUSES,310263.0,178.9351063341072,True
BROOKLYN,LOWER EAST SIDE REHAB (GROUP 5),105901.0,178.9351063341072,True
BROOKLYN,MANHATTANVILLE,3375996.0,178.9351063341072,True
BROOKLYN,MARBLE HILL,1437199.0,178.9351063341072,True
BROOKLYN,MARCY,7056823.0,178.9351063341072,True
BROOKLYN,MARCY AVENUE-GREENE AVENUE SITE A,99424.0,178.9351063341072,True
BROOKLYN,MARCY AVENUE-GREENE AVENUE SITE B,169048.0,178.9351063341072,True
BROOKLYN,MARINER'S HARBOR,4770730.0,178.9351063341072,True
BROOKLYN,MARLBORO,1705120.0,178.9351063341072,True
BROOKLYN,MELROSE,3893693.0,178.9351063341072,True
BROOKLYN,MELTZER TOWER,801636.0,178.9351063341072,True
BROOKLYN,METRO NORTH PLAZA,1973956.0,178.9351063341072,True
BROOKLYN,MIDDLETOWN PLAZA,714923.0,178.9351063341072,True
BROOKLYN,MILBANK-FRAWLEY,182947.0,178.9351063341072,True
BROOKLYN,MILL BROOK,8166824.0,178.9351063341072,True
BROOKLYN,MILL BROOK EXTENSION,844007.0,178.9351063341072,True
BROOKLYN,MITCHEL,11892748.0,178.9351063341072,True
BROOKLYN,MONROE,8712142.0,178.9351063341072,True
BROOKLYN,MOORE,3516405.0,178.9351063341072,True
BROOKLYN,MORRIS I,9699981.0,178.9351063341072,True
BROOKLYN,MORRIS II,954012.0,178.9351063341072,True
BROOKLYN,MORRIS PARK SENIOR CITIZENS HOME,128837.0,178.9351063341072,True
BROOKLYN,MORRISANIA AIR RIGHTS,11088431.0,178.9351063341072,True
BROOKLYN,MOTT HAVEN,7825402.0,178.9351063341072,True
BROOKLYN,MURPHY,1859069.0,178.9351063341072,True
BROOKLYN,"NDF - BRONX OFFICE, 1200 WATERS PLACE",576048.0,178.9351063341072,True
BROOKLYN,"NDF - CENTRAL MAINTENANCE SHOP, 23 ASH ST",352370.0,178.9351063341072,True
BROOKLYN,"NDF - CENTRAL OFFICE, 250 BROADWAY",4440436.0,178.9351063341072,True
BROOKLYN,"NDF - CENTRAL OFFICE, 90 CHURCH ST",5725016.0,178.9351063341072,True
BROOKLYN,"NDF - LEASED HOUSING, 460 E FORDHAM RD",993744.0,178.9351063341072,True
BROOKLYN,"NDF - LI CITY OFFICE, 23-02 49 AVE",5290208.0,178.9351063341072,True
BROOKLYN,"NDF - PSA 1, 2860 WEST 23 ST",540543.0,178.9351063341072,True
BROOKLYN,"NDF - PSA 2, 560 SUTTER AVE",296831.0,178.9351063341072,True
BROOKLYN,"NDF - PSA 3, 25 CENTRAL AVE",651797.0,178.9351063341072,True
BROOKLYN,"NDF - PSA 4, 130 AVENUE C",1148451.0,178.9351063341072,True
BROOKLYN,"NDF - PSA 5, 221 EAST 123 ST",669518.0,178.9351063341072,True
BROOKLYN,"NDF - PSA 6, 2770 F DOUGLASS BLVD",1712978.0,178.9351063341072,True
BROOKLYN,"NDF - PSA 7, 737 MELROSE AVE",921721.0,178.9351063341072,True
BROOKLYN,"NDF - PSA 9 SATELLITE, 21-09 35TH AVE",106019.0,178.9351063341072,True
BROOKLYN,NEW LANE AREA,552031.0,178.9351063341072,True
BROOKLYN,NOSTRAND,498880.0,178.9351063341072,True
BROOKLYN,PELHAM PARKWAY,3339663.0,178.9351063341072,True
BROOKLYN,PENNSYLVANIA AVENUE-WORTMAN AVENUE,2130579.0,178.9351063341072,True
BROOKLYN,PINK,7787197.0,178.9351063341072,True
BROOKLYN,POLO GROUNDS TOWERS,9558047.0,178.9351063341072,True
BROOKLYN,POMONOK,824535.0,178.9351063341072,True
BROOKLYN,QUEENSBRIDGE SOUTH,4567040.0,178.9351063341072,True
BROOKLYN,RALPH AVENUE REHAB,203758.0,178.9351063341072,True
BROOKLYN,RANDALL AVENUE-BALCOM AVENUE,1730631.0,178.9351063341072,True
BROOKLYN,RANGEL,4565135.0,178.9351063341072,True
BROOKLYN,RIIS,684520.0,178.9351063341072,True
BROOKLYN,SAINT NICHOLAS AVENUE,619129.0,178.9351063341072,True
BROOKLYN,SAMUEL (CITY),1701279.0,178.9351063341072,True
BROOKLYN,SAMUEL (MHOP) I,127892.0,178.9351063341072,True
BROOKLYN,SAMUEL (MHOP) II,26901.0,178.9351063341072,True
BROOKLYN,SAMUEL (MHOP) III,11378.0,178.9351063341072,True
BROOKLYN,SARATOGA SQUARE,380675.0,178.9351063341072,True
BROOKLYN,SARATOGA VILLAGE,864266.0,178.9351063341072,True
BROOKLYN,SEDGWICK,4797243.0,178.9351063341072,True
BROOKLYN,SEWARD PARK EXTENSION,2214163.0,178.9351063341072,True
BROOKLYN,SHEEPSHEAD BAY,401280.0,178.9351063341072,True
BROOKLYN,SMITH,4747688.0,178.9351063341072,True
BROOKLYN,SOUTH JAMAICA I,160961.0,178.9351063341072,True
BROOKLYN,SOUTH JAMAICA II,2078978.0,178.9351063341072,True
BROOKLYN,STANTON STREET,93670.0,178.9351063341072,True
BROOKLYN,STAPLETON,6435538.0,178.9351063341072,True
BROOKLYN,STEBBINS AVENUE-HEWITT PLACE,321428.0,178.9351063341072,True
BROOKLYN,STERLING PLACE REHABS (SAINT JOHNS-STERLING),172855.0,178.9351063341072,True
BROOKLYN,STERLING PLACE REHABS (STERLING-BUFFALO),216710.0,178.9351063341072,True
BROOKLYN,STRAUS,1662852.0,178.9351063341072,True
BROOKLYN,STUYVESANT GARDENS I,2776916.0,178.9351063341072,True
BROOKLYN,STUYVESANT GARDENS II,367655.0,178.9351063341072,True
BROOKLYN,SUMNER,558000.0,178.9351063341072,True
BROOKLYN,VAN DYKE I,8103826.15,178.9351063341072,True
BROOKLYN,VAN DYKE II,482569.36,178.9351063341072,True
BROOKLYN,VANDALIA AVENUE,792933.0,178.9351063341072,True
BROOKLYN,VERNON AVENUE,1578254.0,178.9351063341072,True
BROOKLYN,VLADECK,5620524.0,178.9351063341072,True
BROOKLYN,WALD,1521040.0,178.9351063341072,True
BROOKLYN,WASHINGTON,2411560.0,178.9351063341072,True
BROOKLYN,WEBSTER,1849278.0,178.9351063341072,True
BROOKLYN,WEEKSVILLE GARDENS,1858171.0,178.9351063341072,True
BROOKLYN,WEST 84TH STREET,163227.0,178.9351063341072,True
BROOKLYN,WEST BRIGHTON I,4202270.0,178.9351063341072,True
BROOKLYN,WEST FARMS ROAD REHAB,353855.0,178.9351063341072,True
BROOKLYN,WEST FARMS SQUARE CONVENTIONAL,39372.0,178.9351063341072,True
BROOKLYN,WEST SIDE URBAN RENEWAL (BROWNSTONES),1042203.0,178.9351063341072,True
BROOKLYN,WEST SIDE URBAN RENEWAL (SITE A),493345.0,178.9351063341072,True
BROOKLYN,WEST SIDE URBAN RENEWAL (SITE B),1109156.0,178.9351063341072,True
BROOKLYN,WEST SIDE URBAN RENEWAL (SITE C),1037278.0,178.9351063341072,True
BROOKLYN,WEST TREMONT AVENUE-SEDGWICK AVENUE AREA,695103.0,178.9351063341072,True
BROOKLYN,WHITE,1108547.0,178.9351063341072,True
BROOKLYN,WHITMAN,8408592.0,178.9351063341072,True
MANHATTAN,AMSTERDAM,7689710.0,147.86233181433604,True
MANHATTAN,AMSTERDAM ADDITION,1370511.0,147.86233181433604,True
MANHATTAN,AMSTERDAM AVENUE,1269523.0,147.86233181433604,True
MANHATTAN,ARMSTRONG I,912411.0,147.86233181433604,True
MANHATTAN,BARUCH,12373007.0,147.86233181433604,True
MANHATTAN,BARUCH HOUSES ADDITION,733644.0,147.86233181433604,True
MANHATTAN,BAY VIEW,247886.0,147.86233181433604,True
MANHATTAN,BORINQUEN PLAZA II,1381447.0,147.86233181433604,True
MANHATTAN,BREUKELEN,287840.0,147.86233181433604,True
MANHATTAN,CASTLE HILL,7445600.0,147.86233181433604,True
MANHATTAN,CHELSEA,2948331.0,147.86233181433604,True
MANHATTAN,CHELSEA ADDITION,645284.0,147.86233181433604,True
MANHATTAN,CLAREMONT PARKWAY-FRANKLIN AVENUE,423412.0,147.86233181433604,True
MANHATTAN,CLAREMONT REHAB (GROUP 2),243907.0,147.86233181433604,True
MANHATTAN,CLAREMONT REHAB (GROUP 3),229871.0,147.86233181433604,True
MANHATTAN,CLAREMONT REHAB (GROUP 4),282809.0,147.86233181433604,True
MANHATTAN,COLLEGE AVENUE-EAST 165TH STREET,118000.0,147.86233181433604,True
MANHATTAN,CONEY ISLAND,1003400.0,147.86233181433604,True
MANHATTAN,CYPRESS HILLS,890687.0,147.86233181433604,True
MANHATTAN,DOUGLASS I,174480.0,147.86233181433604,True
MANHATTAN,DYCKMAN,1711400.0,147.86233181433604,True
MANHATTAN,EAGLE AVENUE-EAST 163RD STREET,455180.0,147.86233181433604,True
MANHATTAN,EAST 004TH STREET REHAB,66670.0,147.86233181433604,True
MANHATTAN,EAST 028TH STREET,1194982.0,147.86233181433604,True
MANHATTAN,EAST 111TH STREET,350320.0,147.86233181433604,True
MANHATTAN,EAST 120TH STREET REHAB,71727.0,147.86233181433604,True
MANHATTAN,EAST 152ND STREET-COURTLANDT AVENUE,1310516.0,147.86233181433604,True
MANHATTAN,EAST 165TH STREET-BRYANT AVENUE,239409.0,147.86233181433604,True
MANHATTAN,EAST 173RD STREET-VYSE AVENUE,224221.0,147.86233181433604,True
MANHATTAN,EAST 178TH STREET,1498066.0,147.86233181433604,True
MANHATTAN,EAST 180TH STREET-MONTEREY AVENUE,1823865.0,147.86233181433604,True
MANHATTAN,EAST NEW YORK CITY LINE,688417.0,147.86233181433604,True
MANHATTAN,EAST RIVER,7694440.0,147.86233181433604,True
MANHATTAN,EASTCHESTER GARDENS,1521645.0,147.86233181433604,True
MANHATTAN,EDENWALD,4233760.0,147.86233181433604,True
MANHATTAN,FIRST HOUSES,87264.0,147.86233181433604,True
MANHATTAN,FOREST,1404400.0,147.86233181433604,True
MANHATTAN,GLENWOOD,1374960.0,147.86233181433604,True
MANHATTAN,GOWANUS,463760.0,147.86233181433604,True
MANHATTAN,GRAMPION,43927.0,147.86233181433604,True
MANHATTAN,GRANT,3617400.0,147.86233181433604,True
MANHATTAN,GUN HILL,1128680.0,147.86233181433604,True
MANHATTAN,HARLEM RIVER,1968480.0,147.86233181433604,True
MANHATTAN,HARLEM RIVER II,890708.0,147.86233181433604,True
MANHATTAN,HARRISON AVENUE REHAB (GROUP A),59269.0,147.86233181433604,True
MANHATTAN,HARRISON AVENUE REHAB (GROUP B),212286.0,147.86233181433604,True
MANHATTAN,HOWARD AVENUE,4319.0,147.86233181433604,True
MANHATTAN,HOWARD AVENUE-PARK PLACE,253217.0,147.86233181433604,True
MANHATTAN,HUGHES APARTMENTS,3392131.0,147.86233181433604,True
MANHATTAN,HUNTS POINT AVENUE REHAB,219255.0,147.86233181433604,True
MANHATTAN,HYLAN,2227200.0,147.86233181433604,True
MANHATTAN,INDEPENDENCE,4248449.0,147.86233181433604,True
MANHATTAN,INGERSOLL,3761387.0,147.86233181433604,True
MANHATTAN,INTERNATIONAL TOWER,3723.0,147.86233181433604,True
MANHATTAN,KINGSBOROUGH,2353320.0,147.86233181433604,True
MANHATTAN,KINGSBOROUGH EXTENSION,639746.0,147.86233181433604,True
MANHATTAN,LA GUARDIA,6942976.0,147.86233181433604,True
MANHATTAN,LA GUARDIA ADDITION,491059.0,147.86233181433604,True
MANHATTAN,LAFAYETTE,6064416.0,147.86233181433604,True
MANHATTAN,LATIMER GARDENS,2715860.0,147.86233181433604,True
MANHATTAN,LEAVITT STREET-34TH AVENUE,541887.0,147.86233181433604,True
MANHATTAN,LEHMAN VILLAGE,4557087.0,147.86233181433604,True
MANHATTAN,LENOX ROAD-ROCKAWAY PARKWAY,108582.0,147.86233181433604,True
MANHATTAN,LEXINGTON,2634178.0,147.86233181433604,True
MANHATTAN,LINCOLN,7891991.0,147.86233181433604,True
MANHATTAN,LINDEN,2798976.0,147.86233181433604,True
MANHATTAN,LONG ISLAND BAPTIST HOUSES,72436.0,147.86233181433604,True
MANHATTAN,LONGFELLOW AVENUE REHAB,210035.0,147.86233181433604,True
MANHATTAN,LOW HOUSES,3810558.0,147.86233181433604,True
MANHATTAN,LOWER EAST SIDE I INFILL,429764.0,147.86233181433604,True
MANHATTAN,LOWER EAST SIDE II,407889.0,147.86233181433604,True
MANHATTAN,LOWER EAST SIDE III,159364.0,147.86233181433604,True
MANHATTAN,LOWER EAST SIDE REHAB (GROUP 5),124415.0,147.86233181433604,True
MANHATTAN,MANHATTANVILLE REHAB (GROUP 2),18990.0,147.86233181433604,True
MANHATTAN,MANHATTANVILLE REHAB (GROUP 3),80143.0,147.86233181433604,True
MANHATTAN,MARBLE HILL,8685148.0,147.86233181433604,True
MANHATTAN,MARCY,3677178.0,147.86233181433604,True
MANHATTAN,MARLBORO,5564999.0,147.86233181433604,True
MANHATTAN,NOSTRAND,1012750.0,147.86233181433604,True
MANHATTAN,OCEAN BAY APARTMENTS (OCEANSIDE),378960.0,147.86233181433604,True
MANHATTAN,POLO GROUNDS TOWERS,3047200.0,147.86233181433604,True
MANHATTAN,RANGEL,1031971.0,147.86233181433604,True
MANHATTAN,RAVENSWOOD,1389840.0,147.86233181433604,True
MANHATTAN,RED HOOK EAST,175204.0,147.86233181433604,True
MANHATTAN,RIIS,1880400.0,147.86233181433604,True
MANHATTAN,RIIS II,765680.0,147.86233181433604,True
MANHATTAN,SHEEPSHEAD BAY,4695274.0,147.86233181433604,True
MANHATTAN,SHELTON HOUSE,184959.0,147.86233181433604,True
MANHATTAN,SMITH,6056400.0,147.86233181433604,True
MANHATTAN,SOTOMAYOR HOUSES,6987352.0,147.86233181433604,True
MANHATTAN,SOUNDVIEW,8577510.0,147.86233181433604,True
MANHATTAN,SOUTH BEACH,3214639.0,147.86233181433604,True
MANHATTAN,SOUTH BRONX AREA (SITE 402),260678.0,147.86233181433604,True
MANHATTAN,SOUTH JAMAICA I,1960668.0,147.86233181433604,True
MANHATTAN,SOUTH JAMAICA II,417400.0,147.86233181433604,True
MANHATTAN,SUMNER,5873517.0,147.86233181433604,True
MANHATTAN,SURFSIDE GARDENS,797463.0,147.86233181433604,True
MANHATTAN,UPACA (SITE 6),62976.0,147.86233181433604,True
MANHATTAN,VAN DYKE I,739542.0,147.86233181433604,True
MANHATTAN,VLADECK,2531080.0,147.86233181433604,True
MANHATTAN,WASHINGTON,2503626.0,147.86233181433604,True
MANHATTAN,WASHINGTON AVENUE,637906.0,147.86233181433604,True
MANHATTAN,WASHINGTON HEIGHTS REHAB (GROUPS 1&2),316460.0,147.86233181433604,True
MANHATTAN,WASHINGTON HEIGHTS REHAB PHASE III,150132.0,147.86233181433604,True
MANHATTAN,WASHINGTON HEIGHTS REHAB PHASE IV (C),46813.0,147.86233181433604,True
MANHATTAN,WASHINGTON HEIGHTS REHAB PHASE IV (D),45979.0,147.86233181433604,True
MANHATTAN,WATSON AVENUE,510490.0,147.86233181433604,True
MANHATTAN,WEBSTER,2590210.0,147.86233181433604,True
MANHATTAN,WILLIAMS PLAZA,3709650.0,147.86233181433604,True
MANHATTAN,WILLIAMSBURG,9035057.0,147.86233181433604,True
MANHATTAN,WILSON,3310899.0,147.86233181433604,True
MANHATTAN,WISE TOWERS,2361686.0,147.86233181433604,True
MANHATTAN,WOODSIDE,8369507.0,147.86233181433604,True
MANHATTAN,WOODSON,1757025.0,147.86233181433604,True
MANHATTAN,WYCKOFF GARDENS,3339174.0,147.86233181433604,True
QUEENS,ASTORIA,7442875.0,62.62186947891127,True
QUEENS,ATLANTIC TERMINAL SITE 4B,1823090.0,62.62186947891127,True
QUEENS,AUDUBON,1314550.0,62.62186947891127,True
QUEENS,BAILEY AVENUE-WEST 193RD STREET,1557445.0,62.62186947891127,True
QUEENS,BAISLEY PARK,2916312.0,62.62186947891127,True
QUEENS,BARUCH,1213357.0,62.62186947891127,True
QUEENS,BERRY STREET-SOUTH 9TH STREET,170243.0,62.62186947891127,True
QUEENS,BETANCES I,2096781.0,62.62186947891127,True
QUEENS,BORINQUEN PLAZA II,1779200.0,62.62186947891127,True
QUEENS,BOSTON ROAD PLAZA,1195047.0,62.62186947891127,True
QUEENS,BOSTON SECOR,3915286.0,62.62186947891127,True
QUEENS,BOULEVARD,418240.0,62.62186947891127,True
QUEENS,CASTLE HILL,798207.0,62.62186947891127,True
QUEENS,CYPRESS HILLS,695840.0,62.62186947891127,True
QUEENS,HOWARD,411360.0,62.62186947891127,True
QUEENS,HOWARD AVENUE,233225.0,62.62186947891127,True
QUEENS,KINGSBOROUGH,2286795.0,62.62186947891127,True
QUEENS,MANHATTANVILLE,4849859.0,62.62186947891127,True
QUEENS,MANHATTANVILLE REHAB (GROUP 2),58273.0,62.62186947891127,True
QUEENS,PINK,2163840.0,62.62186947891127,True
QUEENS,RAVENSWOOD,12398178.0,62.62186947891127,True
QUEENS,RED HOOK EAST,10092896.0,62.62186947891127,True
QUEENS,RED HOOK WEST,7946840.0,62.62186947891127,True
QUEENS,REDFERN,4588840.0,62.62186947891127,True
QUEENS,REHAB PROGRAM (COLLEGE POINT),66152.0,62.62186947891127,True
QUEENS,REHAB PROGRAM (DOUGLASS REHABS),584668.0,62.62186947891127,True
QUEENS,REHAB PROGRAM (TAFT REHABS),760142.0,62.62186947891127,True
QUEENS,REHAB PROGRAM (WISE REHAB),244171.0,62.62186947891127,True
QUEENS,REID APARTMENTS,864216.0,62.62186947891127,True
QUEENS,RICHMOND TERRACE,3801563.0,62.62186947891127,True
QUEENS,RIIS II,1708177.0,62.62186947891127,True
QUEENS,ROBBINS PLAZA,651485.0,62.62186947891127,True
QUEENS,ROBINSON,1400083.0,62.62186947891127,True
QUEENS,ROOSEVELT I,5360909.0,62.62186947891127,True
QUEENS,ROOSEVELT II,2041420.0,62.62186947891127,True
QUEENS,RUTGERS,4563328.0,62.62186947891127,True
QUEENS,RUTLAND TOWERS,407225.0,62.62186947891127,True
QUEENS,SACK WERN,3010220.0,62.62186947891127,True
QUEENS,SAINT MARYS PARK,6999069.0,62.62186947891127,True
QUEENS,SAINT NICHOLAS,9177200.0,62.62186947891127,True
QUEENS,SEWARD PARK EXTENSION,168434.0,62.62186947891127,True
QUEENS,SHEEPSHEAD BAY,1648716.0,62.62186947891127,True
QUEENS,SUMNER,1132560.0,62.62186947891127,True
QUEENS,TILDEN,1770065.0,62.62186947891127,True
QUEENS,TODT HILL,2910902.0,62.62186947891127,True
QUEENS,TOMPKINS,7734457.5,62.62186947891127,True
QUEENS,TWIN PARKS EAST (SITE 9),460205.0,62.62186947891127,True
QUEENS,TWIN PARKS WEST (SITES 1 & 2),2103104.0,62.62186947891127,True
QUEENS,TWO BRIDGES URA (SITE 7),2042955.0,62.62186947891127,True
QUEENS,UNION AVENUE-EAST 163RD STREET,370104.0,62.62186947891127,True
QUEENS,UNION AVENUE-EAST 166TH STREET,356858.0,62.62186947891127,True
QUEENS,UNITY PLAZA (SITES 04-27),3928884.0,62.62186947891127,True
QUEENS,"UNITY PLAZA (SITES 17,24,25A)",1281223.0,62.62186947891127,True
QUEENS,UNIVERSITY AVENUE REHAB,365341.0,62.62186947891127,True
QUEENS,UPACA (SITE 5),556782.0,62.62186947891127,True
QUEENS,UPACA (SITE 6),303604.0,62.62186947891127,True
STATEN ISLAND,BETANCES IV,964080.0,18.968818046301845,True
STATEN ISLAND,CLAREMONT REHAB (GROUP 4),57931.0,18.968818046301845,True
STATEN ISLAND,CLAREMONT REHAB (GROUP 5),53153.0,18.968818046301845,True
STATEN ISLAND,MORRIS I,1051205.6400000001,18.968818046301845,True
STATEN ISLAND,MORRIS II,3730324.0,18.968818046301845,True
STATEN ISLAND,PELHAM PARKWAY,385840.0,18.968818046301845,True
STATEN ISLAND,SHEEPSHEAD BAY,670080.0,18.968818046301845,True
STATEN ISLAND,THROGGS NECK ADDITION,1535371.0,18.968818046301845,True
STATEN ISLAND,VAN DYKE I,678030.0,18.968818046301845,True
STATEN ISLAND,WALD,277720.0,18.968818046301845,True
